"term","estimate","std.error","statistic","p.value","conf.low","conf.high"
"(Intercept)",4.75564126385988,0.430983961104609,11.0343810745792,2.7849384341881e-18,3.91092822218043,5.60035430553932
"site_idS2",-0.0893455678567517,0.609503362959416,-0.146587489563533,0.883792923248661,-1.28395020771325,1.10525907199975
"site_idS3",-0.666922290432866,0.609503362959416,-1.09420608804299,0.276850630629366,-1.86152693028936,0.527682349423632
"site_idS4",0.317145258254895,0.609503362959417,0.520333894000207,0.604137531737365,-0.877459381601604,1.51174989811139
"site_idS5",0.122035571271203,0.609503362959416,0.200221325570157,0.841769475725111,-1.0725690685853,1.3166402111277
"site_idS6",-0.539582017528137,0.609503362959416,-0.885281444401259,0.378417487486852,-1.73418665738463,0.655022622328363
"site_idS7",-0.714968764205041,0.609503362959416,-1.17303497840199,0.243947194260715,-1.90957340406154,0.479635875651459
"site_idS8",0.770370396369647,0.609503362959416,1.26393133030333,0.209592494940019,-0.424234243486852,1.96497503622615
