"term","estimate","std.error","statistic","p.value","conf.low","conf.high"
"(Intercept)",1.23895676440032,0.486875281124456,2.5447107553682,0.0126802178176153,0.284698748433568,2.19321478036706
"site_idS2",2.42326986532375,0.688545625750419,3.51940347116827,0.000687179867218783,1.07374523714034,3.77279449350717
"site_idS3",1.24300289644967,0.688545625750419,1.80525857686623,0.0744541137500636,-0.106521731733742,2.59252752463309
"site_idS4",0.372473190446079,0.68854562575042,0.540956439945624,0.58990435921638,-0.977051437737337,1.7219978186295
"site_idS5",0.33669797953591,0.688545625750419,0.48899879244597,0.62605910351357,-1.0128266486475,1.68622260771933
"site_idS6",0.565587445200536,0.688545625750419,0.821423336447928,0.41362504519695,-0.783937182982879,1.91511207338395
"site_idS7",0.683271569815882,0.688545625750419,0.992340295635763,0.323752352129654,-0.666253058367532,2.0327961979993
"site_idS8",0.186988854263734,0.688545625750419,0.271570753296039,0.786588164765502,-1.16253577391968,1.53651348244715
