"term","estimate","std.error","statistic","p.value","conf.low","conf.high"
"(Intercept)",-0.566959451101247,0.228721367730719,-2.47882153174576,0.0150888375159081,-0.984049795338713,-0.0825027766960879
"site_idS2",0.430763023206499,0.323460860249307,1.3317315203901,0.186387605467266,-0.208550772503237,1.07007681891624
"site_idS3",-1.43337369091061,0.323460860249307,-4.43136671869925,2.68759134145407e-05,-2.07268748662035,-0.794059895200873
"site_idS4",-0.0415164030316612,0.323460860249308,-0.12835062331703,0.898164379088827,-0.680830198741398,0.597797392678075
"site_idS5",0.736087280183073,0.323460860249307,2.2756610478799,0.025294508114868,0.0967734844733375,1.37540107589281
"site_idS6",-0.293406752695911,0.323460860249307,-0.907085798478886,0.366838636683249,-0.932720548405647,0.345907043013826
"site_idS7",-0.539924612680094,0.323460860249307,-1.66921157714089,0.0986294566410077,-1.1792384083901,0.0993891830293693
"site_idS8",-0.537553364554338,0.323460860249307,-1.66188071144069,0.100095163937787,-1.17686716026408,0.101760431155398
