"term","estimate","std.error","statistic","p.value","conf.low","conf.high"
"(Intercept)",0.455094828819027,0.0961345683395876,4.7339353229469,8.36238633875138e-06,0.272412436308046,0.649632219212611
"site_idS2",-0.15715866236593,0.135954810358728,-1.15596249923967,0.250825253135061,-0.424020767609388,0.109703442939869
"site_idS3",-0.290519039224978,0.135954810358728,-2.13687944147338,0.0353826338513799,-0.557381144486733,-0.0236569339374768
"site_idS4",-0.0744693455626531,0.135954810358728,-0.547750722215415,0.585249761275444,-0.341331450806242,0.192392759743015
"site_idS5",0.310478740602612,0.135954810358728,2.28369073358559,0.0247973226436394,0.043616635359132,0.577340845908388
"site_idS6",-0.00378791177541495,0.135954810358728,-0.0278615502123112,0.977835662717515,-0.270650017021354,0.263074193527904
"site_idS7",0.230970538263595,0.135954810358728,1.69887727881169,0.0928752389706095,-0.0358915669882663,0.497832643560991
"site_idS8",-0.136395484266539,0.135954810358728,-1.0032413263396,0.31849513497878,-0.403257589509997,0.13046662103926
