"term","estimate","std.error","statistic","p.value","conf.low","conf.high"
"(Intercept)",37.17,4.49027533336704,8.27788882427574,1.25194244789915e-12,28.369222065932,45.970777934068
"site_idS2",17.0433333333333,6.35020827523703,2.6839014713572,0.00869365672484167,4.59715381954052,29.4895128471261
"site_idS3",3.12333333333333,6.35020827523703,0.491847384835066,0.624051916077265,-9.32284618045946,15.5695128471261
"site_idS4",-2.07333333333334,6.35020827523704,-0.326498477446544,0.744822492147722,-14.5195128471261,10.3728461804595
"site_idS5",-9.34999999999999,6.35020827523703,-1.47239265150732,0.144482479137631,-21.7961795137928,3.09617951379278
"site_idS6",19.5733333333333,6.35020827523704,3.08231360058859,0.00274255516880156,7.12715381954054,32.0195128471261
"site_idS7",19.62,6.35020827523703,3.08966244091697,0.0026821487082309,7.17382048620721,32.0661795137928
"site_idS8",-13.5116666666667,6.35020827523703,-2.12775173364882,0.0361543821578639,-25.9578461804595,-1.06548715287388
